{"cameraMode":{"drawMode":0,"name":"Shaded","section":"Shading Mode"},"sceneLighting":true,"audioPlay":false,"sceneViewState":{"showFog":true,"showMaterialUpdate":false,"showSkybox":true,"showFlares":true,"showImageEffects":true,"showParticleSystems":true},"in2DMode":false,"pivot":{"x":715.4739379882813,"y":219.17715454101563,"z":64.33171081542969},"rotation":{"x":0.4891531765460968,"y":-0.058786530047655109,"z":0.033067844808101657,"w":0.8695877194404602},"size":173.64154052734376,"orthographic":false}