{"cameraMode":{"drawMode":0,"name":"Shaded","section":"Shading Mode"},"sceneLighting":false,"audioPlay":false,"sceneViewState":{"showFog":true,"showMaterialUpdate":false,"showSkybox":false,"showFlares":true,"showImageEffects":true,"showParticleSystems":true},"in2DMode":false,"pivot":{"x":-0.5099999904632568,"y":1.159449815750122,"z":0.0},"rotation":{"x":0.43017899990081789,"y":-0.11323860287666321,"z":0.05449104309082031,"w":0.8939573764801025},"size":1.6807315349578858,"orthographic":true}