{"cameraMode":{"drawMode":0,"name":"Shaded","section":"Shading Mode"},"sceneLighting":true,"audioPlay":false,"sceneViewState":{"showFog":true,"showMaterialUpdate":true,"showSkybox":true,"showFlares":true,"showImageEffects":true,"showParticleSystems":true},"in2DMode":false,"pivot":{"x":6.506916522979736,"y":-2.6459946632385256,"z":5.3234076499938969},"rotation":{"x":-0.2763364017009735,"y":-0.11327122896909714,"z":0.032816898077726367,"w":-0.9538019895553589},"size":10.0,"orthographic":false}