{"cameraMode":{"drawMode":0,"name":"Shaded","section":"Shading Mode"},"sceneLighting":false,"audioPlay":false,"sceneViewState":{"showFog":true,"showMaterialUpdate":true,"showSkybox":false,"showFlares":true,"showImageEffects":true,"showParticleSystems":true},"in2DMode":false,"pivot":{"x":0.172969251871109,"y":0.1841983050107956,"z":0.6043548583984375},"rotation":{"x":0.0015831838827580214,"y":-0.99715256690979,"z":0.021839382126927377,"w":0.07221602648496628},"size":0.9390725493431091,"orthographic":false}