{"cameraMode":{"drawMode":0,"name":"Shaded","section":"Shading Mode"},"sceneLighting":false,"audioPlay":false,"sceneViewState":{"showFog":true,"showMaterialUpdate":true,"showSkybox":false,"showFlares":true,"showImageEffects":true,"showParticleSystems":true},"in2DMode":false,"pivot":{"x":-2.8737285137176515,"y":9.927482604980469,"z":-16.092878341674806},"rotation":{"x":-0.20223866403102876,"y":0.057544026523828509,"z":-0.011904560960829258,"w":-0.9775751829147339},"size":1.586317777633667,"orthographic":false}