{"cameraMode":{"drawMode":0,"name":"Shaded","section":"Shading Mode"},"sceneLighting":false,"audioPlay":false,"sceneViewState":{"showFog":true,"showMaterialUpdate":true,"showSkybox":false,"showFlares":true,"showImageEffects":true,"showParticleSystems":true},"in2DMode":false,"pivot":{"x":3.5999984741210939,"y":3.08697509765625,"z":6.033522605895996},"rotation":{"x":-0.0036670109257102014,"y":0.9959273338317871,"z":-0.07633740454912186,"w":-0.04784126579761505},"size":70.71067810058594,"orthographic":true}