{"cameraMode":{"drawMode":0,"name":"Shaded","section":"Shading Mode"},"sceneLighting":false,"audioPlay":false,"sceneViewState":{"showFog":true,"showMaterialUpdate":true,"showSkybox":false,"showFlares":true,"showImageEffects":true,"showParticleSystems":true},"in2DMode":false,"pivot":{"x":-0.02176976203918457,"y":1.876499056816101,"z":5.711640357971191},"rotation":{"x":0.08085455745458603,"y":0.03736833482980728,"z":-0.0030334717594087126,"w":0.9960203766822815},"size":2.186305284500122,"orthographic":false}