{"cameraMode":{"drawMode":0,"name":"Shaded","section":"Shading Mode"},"sceneLighting":true,"audioPlay":false,"sceneViewState":{"showFog":true,"showMaterialUpdate":true,"showSkybox":true,"showFlares":true,"showImageEffects":true,"showParticleSystems":true},"in2DMode":false,"pivot":{"x":0.3239368200302124,"y":-0.8706674575805664,"z":9.839659690856934},"rotation":{"x":-0.3234553039073944,"y":0.057008322328329089,"z":-0.019526874646544458,"w":-0.9443262815475464},"size":13.608617782592774,"orthographic":false}