{"cameraMode":{"drawMode":0,"name":"Shaded","section":"Shading Mode"},"sceneLighting":false,"audioPlay":false,"sceneViewState":{"showFog":true,"showMaterialUpdate":true,"showSkybox":false,"showFlares":true,"showImageEffects":true,"showParticleSystems":true},"in2DMode":false,"pivot":{"x":0.0,"y":-0.09999999403953552,"z":1.399999976158142},"rotation":{"x":-0.20685020089149476,"y":-0.03638987988233566,"z":0.007699096575379372,"w":-0.9776691794395447},"size":1.5861191749572755,"orthographic":false}