{"cameraMode":{"drawMode":0,"name":"Shaded","section":"Shading Mode"},"sceneLighting":true,"audioPlay":false,"sceneViewState":{"showFog":true,"showMaterialUpdate":true,"showSkybox":true,"showFlares":true,"showImageEffects":true,"showParticleSystems":true},"in2DMode":false,"pivot":{"x":0.12654638290405274,"y":1.0671873092651368,"z":0.8162069320678711},"rotation":{"x":-0.2964667081832886,"y":0.054681889712810519,"z":-0.017005084082484247,"w":-0.9533283114433289},"size":6.224793434143066,"orthographic":false}