{"cameraMode":{"drawMode":0,"name":"Shaded","section":"Shading Mode"},"sceneLighting":false,"audioPlay":false,"sceneViewState":{"showFog":true,"showMaterialUpdate":true,"showSkybox":false,"showFlares":true,"showImageEffects":true,"showParticleSystems":true},"in2DMode":false,"pivot":{"x":0.2709999084472656,"y":-0.03800010681152344,"z":1.6130000352859498},"rotation":{"x":-0.2527479827404022,"y":0.08385428786277771,"z":-0.02198849990963936,"w":-0.9636651873588562},"size":38.897239685058597,"orthographic":false}